,Z,KupacID,Risk
0,4282861.701,10001.0,2
1,698697.1429999999,10002.0,0
2,38361.1,10003.0,0
3,42437.014,10004.0,0
4,32703.949999999993,10005.0,0
5,4510069.655,10006.0,2
6,2084745.85,10007.0,0
7,6537788.77,10008.0,2
8,27844.511000000002,10009.0,0
9,18289.51,10010.0,0
10,17502.825,10011.0,0
11,114004.35999999999,10012.0,0
12,96501.78,10013.0,0
13,3325922.285,10014.0,2
14,27224.010000000002,10015.0,0
15,23769644.087,10016.0,1
16,104114.435,10017.0,0
17,-12024.799999999997,10018.0,0
18,49754.852999999996,10019.0,0
19,2304.7200000000003,10020.0,0
20,371100.6699999999,10021.0,0
21,68134.99299999999,10022.0,0
22,29854.77,10023.0,0
23,-98286.71999999997,10024.0,0
24,59313.341,10025.0,0
25,1169670.306,10026.0,0
26,25794.699,10027.0,0
27,78750.48400000001,10028.0,0
28,666885.5800000001,10029.0,0
29,14484.779999999999,10030.0,0
30,14528.368999999999,10031.0,0
31,48832.205,10032.0,0
32,1888967.357,10033.0,0
33,9825.09,10034.0,0
34,24144.55,10035.0,0
35,179459.52500000002,10036.0,0
36,35841.2,10037.0,0
37,18050.717,10038.0,0
38,171706.907,10039.0,0
39,86697.19,10040.0,0
40,44659.216,10041.0,0
41,87847.649,10042.0,0
42,10334.83,10043.0,0
43,452451.92000000004,10044.0,0
44,24991.653,10045.0,0
45,54820.153999999995,10046.0,0
46,37834.960999999996,10047.0,0
47,-290.26,10048.0,0
48,4152.094,10049.0,0
49,67475.04,10050.0,0
50,1255697.379,10051.0,0
51,20049.736,10052.0,0
52,138508.244,10053.0,0
53,14705.234,10054.0,0
54,-536239.1599999997,10055.0,0
55,-37069.95999999999,10056.0,0
56,91089.58,10057.0,0
57,19412.519999999997,10058.0,0
58,11605.82,10059.0,0
59,44915.81,10060.0,0
60,10514.84,10061.0,0
61,28150.509999999995,10062.0,0
62,31023.94,10063.0,0
63,-21639.969999999998,10064.0,0
64,21458.940000000002,10065.0,0
65,46270.659999999996,10066.0,0
66,15737.928,10067.0,0
67,34764.74,10068.0,0
68,-3627.8599999999997,10069.0,0
69,5072.949,10070.0,0
70,35632.008,10071.0,0
71,26170.983,10072.0,0
72,688.9900000000001,10073.0,0
73,23745.35,10074.0,0
74,43883.937,10075.0,0
75,-53591.51,10076.0,0
76,39222.302,10077.0,0
77,33637.866,10078.0,0
78,44248.216,10079.0,0
79,21329.441000000003,10080.0,0
80,35572.770000000004,10081.0,0
81,22569.602,10082.0,0
82,17236.375,10083.0,0
83,463006.764,10084.0,0
84,976254.4099999999,10085.0,0
85,35336.131,10086.0,0
86,435023.322,10087.0,0
87,434548.787,10088.0,0
88,656163.4990000001,10089.0,0
89,506502.017,10090.0,0
90,21950.468,10091.0,0
91,44192.6,10092.0,0
92,23370.5,10093.0,0
93,79887.064,10094.0,0
94,59539.744000000006,10095.0,0
95,16430.53,10096.0,0
96,324818.28099999996,10097.0,0
97,926176.756,10098.0,0
98,32396.879,10099.0,0
99,1173468.6339999998,10100.0,0
100,31004.857,10101.0,0
101,30667.553,10102.0,0
102,75231.314,10103.0,0
103,27937.513,10104.0,0
104,45923.136999999995,10105.0,0
105,2333110.65,10106.0,0
106,68589.3,10107.0,0
107,21633.252999999997,10108.0,0
108,493701.654,10109.0,0
109,55353.312,10110.0,0
110,448156.73,10111.0,0
111,74722.9,10112.0,0
112,704936.652,10113.0,0
113,332944.17,10114.0,0
114,49401.64,10115.0,0
115,10338.62,10116.0,0
116,6927.909999999994,10117.0,0
117,32881.45,10118.0,0
118,149171.414,10119.0,0
119,-95649.10999999999,10120.0,0
120,13803.3,10121.0,0
121,1330703.2999999998,10122.0,0
122,16025.17,10123.0,0
123,11266.33,10124.0,0
124,1349.76,10125.0,0
125,1813907.32,10126.0,0
126,17886.621,10127.0,0
127,235977.99,10128.0,0
128,92025.777,10129.0,0
129,150387.456,10130.0,0
130,84737.61,10131.0,0
131,97002.45,10132.0,0
132,40348.99,10133.0,0
133,19507.623,10134.0,0
134,68789.728,10135.0,0
135,113436.11200000001,10136.0,0
136,3693.145,10137.0,0
137,86307.68,10138.0,0
138,104282.91399999999,10139.0,0
139,2596.7200000000003,10140.0,0
140,78488.61200000001,10141.0,0
141,736603.7080000001,10142.0,0
142,1967291.496,10143.0,0
143,199503.28399999999,10144.0,0
144,-838.27,10145.0,0
145,36671.695999999996,10146.0,0
146,19191.53,10147.0,0
147,109299.49,10148.0,0
148,52584.42,10149.0,0
149,20045.692,10150.0,0
150,42042.373,10151.0,0
151,36488.914,10152.0,0
152,110119.204,10153.0,0
153,240830.52,10154.0,0
154,72401.09599999999,10155.0,0
155,70741.26999999999,10156.0,0
156,4824350.29,10157.0,2
157,4062041.607,10158.0,2
158,1167817.45,10159.0,0
159,87492.69200000001,10160.0,0
160,955973.0499999999,10161.0,0
161,221567.913,10162.0,0
162,79819.88,10163.0,0
163,36691.853,10164.0,0
164,17059.059999999998,10165.0,0
165,27245.969999999998,10166.0,0
166,38539.033,10167.0,0
167,102319.195,10168.0,0
168,3964.54,10169.0,0
169,288018.66599999997,10170.0,0
170,4425193.689,10171.0,2
171,-15504.539999999997,10172.0,0
172,95733.76,10173.0,0
173,16025.68,10174.0,0
174,5958.0470000000005,10175.0,0
175,52685.717,10176.0,0
176,46632.089,10177.0,0
177,269964.283,10178.0,0
178,126568.78999999998,10179.0,0
179,755173.85,10180.0,0
180,31049.69,10181.0,0
181,7056.361,10182.0,0
182,1775374.1970000002,10183.0,0
183,14869.511999999999,10184.0,0
184,1099595.76,10185.0,0
185,23806568.99,10186.0,1
186,18701.55,10187.0,0
187,1488710.19,10188.0,0
188,42535.543,10189.0,0
189,6023.334,10190.0,0
190,6235.02,10191.0,0
191,17199.78,10192.0,0
192,446479.49,10193.0,0
193,7645542.725000001,10194.0,2
194,5.220000000000255,10195.0,0
195,13241.837,10196.0,0
196,37179.21,10197.0,0
197,23729.733,10198.0,0
198,51084.01999999999,10199.0,0
199,694315.807,10200.0,0
200,380852.73,10201.0,0
201,1384609.692,10202.0,0
202,5329983.49,10203.0,2
203,56511.361,10204.0,0
204,29777.341,10205.0,0
205,109397.074,10206.0,0
206,18024.737999999998,10207.0,0
207,18888.370000000003,10208.0,0
208,163439.50999999998,10209.0,0
209,849420.94,10210.0,0
210,241264.53,10211.0,0
211,34574.57,10212.0,0
212,146378.53999999998,10213.0,0
213,1015532.482,10214.0,0
214,5751.072,10215.0,0
215,441243.63200000004,10216.0,0
216,293600.83999999997,10217.0,0
217,10375.701000000001,10218.0,0
218,35095.25,10219.0,0
219,151691.27000000002,10220.0,0
220,67168.32999999999,10221.0,0
221,7423.909999999999,10222.0,0
222,74307.14600000001,10223.0,0
223,39046.475,10224.0,0
224,1260990.105,10225.0,0
225,1854150.281,10226.0,0
226,17849.1,10227.0,0
227,43085.98,10228.0,0
228,158330.235,10229.0,0
229,26262.969,10230.0,0
230,22024.55,10231.0,0
231,-5369.729999999998,10232.0,0
232,41789.8,10233.0,0
233,50064.28,10234.0,0
234,23726.163,10235.0,0
235,14099553.43,10236.0,3
236,1222381.1479999998,10237.0,0
237,10061.255000000001,10238.0,0
238,9376.789999999999,10239.0,0
239,5760.7300000000005,10240.0,0
240,36710.744,10241.0,0
241,-3441.3200000000006,10242.0,0
242,52653.67999999999,10243.0,0
243,52419.056,10244.0,0
244,400301.88,10245.0,0
245,57403.393,10246.0,0
246,16761.823,10247.0,0
247,22031.39,10248.0,0
248,46855.65,10249.0,0
249,7425.13,10250.0,0
250,59153.355,10251.0,0
251,11234.062,10252.0,0
252,-5931.98,10253.0,0
253,15558.310000000001,10254.0,0
254,194939.534,10255.0,0
255,783669.388,10256.0,0
256,6859.86,10257.0,0
257,14899.396,10258.0,0
258,106687.58,10259.0,0
259,60960.24,10260.0,0
260,72414.132,10261.0,0
261,17512.78,10262.0,0
262,808654.9500000001,10263.0,0
263,33323.967000000004,10264.0,0
264,7639.82,10265.0,0
265,1413262.5799999998,10266.0,0
266,8660.23,10267.0,0
267,16283.05,10268.0,0
268,16909.366,10269.0,0
269,9508.661,10270.0,0
270,153357.387,10271.0,0
271,25450.157,10272.0,0
272,52947.142,10273.0,0
273,129712.272,10274.0,0
274,58398.945999999996,10275.0,0
275,140489.28,10276.0,0
276,157119.16999999998,10277.0,0
277,416691.39999999997,10278.0,0
278,521594.98,10279.0,0
279,102878.749,10280.0,0
280,41199.032,10281.0,0
281,29731.642,10282.0,0
282,115257.925,10283.0,0
283,24712.51,10284.0,0
284,32301.399999999998,10285.0,0
285,16264.286,10286.0,0
286,5614.259999999999,10287.0,0
287,634185.19,10288.0,0
288,11381.87,10289.0,0
289,61204.369999999995,10290.0,0
290,20775.089999999997,10291.0,0
291,11553.46,10292.0,0
292,98680.78,10293.0,0
293,1163308.862,10294.0,0
294,13937.612,10295.0,0
295,36020.11,10296.0,0
296,19543.149999999998,10297.0,0
297,16170.639999999998,10298.0,0
298,356034.84,10299.0,0
299,240899.157,10300.0,0
300,933972.949,10301.0,0
301,21002.235,10302.0,0
302,14598.542,10303.0,0
303,51125.623,10304.0,0
304,18579.08,10305.0,0
305,236750.12,10306.0,0
306,58312.86,10307.0,0
307,46102.128000000004,10308.0,0
308,57.279999999999745,10309.0,0
309,139155.887,10310.0,0
310,37048.868,10311.0,0
311,5054.120000000001,10312.0,0
312,11008.220000000001,10313.0,0
313,19827.109999999997,10314.0,0
314,-133695.41999999998,10315.0,0
315,4467.86,10316.0,0
316,52224.676,10317.0,0
317,1282442.2349999999,10318.0,0
318,25039.791,10319.0,0
319,118726.23,10320.0,0
320,53084.45,10321.0,0
321,8530.34,10322.0,0
322,58678.2,10323.0,0
323,1587.6899999999996,10324.0,0
324,3874598.5399999996,10325.0,2
325,59070.305,10326.0,0
326,1392841.14,10327.0,0
327,114474.305,10328.0,0
328,619415.95,10329.0,0
329,39428.34,10330.0,0
330,83594.01,10331.0,0
331,12079.931,10332.0,0
332,257011.18399999998,10333.0,0
333,7800.528,10334.0,0
334,-799.4399999999998,10335.0,0
335,737229.878,10336.0,0
336,-25881.9,10337.0,0
337,1148.28,10338.0,0
338,1038525.7019999999,10339.0,0
339,63997.691,10340.0,0
340,709.1690000000001,10341.0,0
341,39729.844000000005,10342.0,0
342,560332.38,10343.0,0
343,-271707.51,10344.0,0
344,127480.35,10345.0,0
345,20866.333,10346.0,0
346,17923.185,10347.0,0
347,7898.74,10348.0,0
348,52112.92,10349.0,0
349,31943.739999999998,10350.0,0
350,25765.265,10351.0,0
351,261450.63,10352.0,0
352,24941.946,10353.0,0
353,-13636.58,10354.0,0
354,77976.875,10355.0,0
355,22119.025999999998,10356.0,0
356,810.7919999999999,10357.0,0
357,163775.614,10358.0,0
358,256961.42199999996,10359.0,0
359,40001.193,10360.0,0
360,28846.971,10361.0,0
361,126419.658,10362.0,0
362,40323.87300000001,10363.0,0
363,299515.53099999996,10364.0,0
364,48244.284,10365.0,0
365,85560.357,10366.0,0
366,74670.55,10367.0,0
367,43472.076,10368.0,0
368,13708.349999999999,10369.0,0
369,44222.712,10370.0,0
370,6696.477000000001,10371.0,0
371,444993.93,10372.0,0
372,-7792.429999999997,10373.0,0
373,5275.0419999999995,10374.0,0
374,84856.07800000001,10375.0,0
375,1077436.375,10376.0,0
376,13240.824,10377.0,0
377,68375.88,10378.0,0
378,10959.77,10379.0,0
379,-6243.04,10380.0,0
380,23201.101,10381.0,0
381,130127.775,10382.0,0
382,28073.288,10383.0,0
383,56320.405,10384.0,0
384,109088.18999999999,10385.0,0
385,3510.5519999999997,10386.0,0
386,1055862.97,10387.0,0
387,279573.5,10388.0,0
388,5357.429999999999,10389.0,0
389,1063.9600000000003,10390.0,0
390,7693.429999999999,10391.0,0
391,150073.56900000002,10392.0,0
392,27943.397999999997,10393.0,0
393,11694.03,10394.0,0
394,119143.15,10395.0,0
395,16203.96,10396.0,0
396,1500.27,10397.0,0
397,111567.698,10398.0,0
398,5523.22,10399.0,0
399,42793.053,10400.0,0
400,19670.662,10401.0,0
401,149327.452,10402.0,0
402,17831.420000000002,10403.0,0
403,5753.089999999999,10404.0,0
404,64826.331,10405.0,0
405,28664.659999999996,10406.0,0
406,17601.03,10407.0,0
407,107797.03,10408.0,0
408,28006.689,10409.0,0
409,7940.189999999999,10410.0,0
410,7030.589999999999,10411.0,0
411,3264.9999999999995,10412.0,0
412,371425.07499999995,10413.0,0
413,3405.6899999999996,10414.0,0
414,6686.799999999999,10415.0,0
415,4107.91,10416.0,0
416,14586.749999999998,10417.0,0
417,85148.17,10418.0,0
418,3901.58,10419.0,0
419,-2018.68,10420.0,0
420,3731.6499999999996,10421.0,0
421,-17907.709999999995,10422.0,0
422,30241.644,10423.0,0
423,435566.9897304964,10424.0,0
424,435566.9897304964,10425.0,0
425,435566.9897304964,10426.0,0
426,435566.9897304964,10427.0,0
427,435566.9897304964,10428.0,0
428,435566.9897304964,10429.0,0
429,435566.9897304964,10430.0,0
430,435566.9897304964,10431.0,0
431,435566.9897304964,10432.0,0
432,435566.9897304964,10433.0,0
433,435566.9897304964,10434.0,0
434,435566.9897304964,10435.0,0
435,435566.9897304964,10436.0,0
436,435566.9897304964,10437.0,0
437,435566.9897304964,10438.0,0
438,435566.9897304964,10439.0,0
439,435566.9897304964,10440.0,0
440,435566.9897304964,10441.0,0
441,435566.9897304964,10442.0,0
442,435566.9897304964,10443.0,0
443,435566.9897304964,10444.0,0
444,435566.9897304964,10445.0,0
445,435566.9897304964,10446.0,0
446,435566.9897304964,10447.0,0
447,435566.9897304964,10448.0,0
448,435566.9897304964,10449.0,0
449,435566.9897304964,10450.0,0
450,435566.9897304964,10451.0,0
451,435566.9897304964,10452.0,0
452,435566.9897304964,10453.0,0
453,435566.9897304964,10454.0,0
454,435566.9897304964,10455.0,0
455,435566.9897304964,10456.0,0
456,435566.9897304964,10457.0,0
457,435566.9897304964,10458.0,0
458,435566.9897304964,10459.0,0
459,435566.9897304964,10460.0,0
460,435566.9897304964,10461.0,0
461,435566.9897304964,10462.0,0
462,435566.9897304964,10463.0,0
463,435566.9897304964,10464.0,0
464,435566.9897304964,10465.0,0
465,435566.9897304964,10466.0,0
466,435566.9897304964,10467.0,0
467,435566.9897304964,10468.0,0
468,435566.9897304964,10469.0,0
469,435566.9897304964,10470.0,0
470,435566.9897304964,10471.0,0
471,435566.9897304964,10472.0,0
472,435566.9897304964,10473.0,0
473,435566.9897304964,10474.0,0
474,435566.9897304964,10475.0,0
475,435566.9897304964,10476.0,0
476,435566.9897304964,10477.0,0
477,435566.9897304964,10478.0,0
478,435566.9897304964,10479.0,0
479,435566.9897304964,10480.0,0
480,435566.9897304964,10481.0,0
481,435566.9897304964,10482.0,0
482,435566.9897304964,10483.0,0
483,435566.9897304964,10484.0,0
484,435566.9897304964,10485.0,0
485,435566.9897304964,10486.0,0
486,435566.9897304964,10487.0,0
487,435566.9897304964,10488.0,0
488,435566.9897304964,10489.0,0
489,435566.9897304964,10490.0,0
490,435566.9897304964,10491.0,0
491,435566.9897304964,10492.0,0
492,435566.9897304964,10493.0,0
493,435566.9897304964,10494.0,0
494,435566.9897304964,10495.0,0
495,435566.9897304964,10496.0,0
496,435566.9897304964,10497.0,0
497,435566.9897304964,10498.0,0
498,435566.9897304964,10499.0,0
499,435566.9897304964,10500.0,0
500,435566.9897304964,10501.0,0
501,435566.9897304964,10502.0,0
502,435566.9897304964,10503.0,0
503,435566.9897304964,10504.0,0
504,435566.9897304964,10505.0,0
505,435566.9897304964,10506.0,0
506,435566.9897304964,10507.0,0
507,435566.9897304964,10508.0,0
508,435566.9897304964,10509.0,0
509,435566.9897304964,10510.0,0
510,435566.9897304964,10511.0,0
511,435566.9897304964,10512.0,0
512,435566.9897304964,10513.0,0
513,435566.9897304964,10514.0,0
514,435566.9897304964,10515.0,0
515,435566.9897304964,10516.0,0
516,435566.9897304964,10517.0,0
517,435566.9897304964,10518.0,0
518,435566.9897304964,10519.0,0
519,435566.9897304964,10520.0,0
520,435566.9897304964,10521.0,0
521,435566.9897304964,10522.0,0
522,435566.9897304964,10523.0,0
523,435566.9897304964,10524.0,0
524,435566.9897304964,10525.0,0
525,435566.9897304964,10526.0,0
526,435566.9897304964,10527.0,0
527,435566.9897304964,10528.0,0
528,435566.9897304964,10529.0,0
529,435566.9897304964,10530.0,0
530,435566.9897304964,10531.0,0
531,435566.9897304964,10532.0,0
532,435566.9897304964,10533.0,0
533,435566.9897304964,10534.0,0
534,435566.9897304964,10535.0,0
535,435566.9897304964,10536.0,0
536,435566.9897304964,10537.0,0
537,435566.9897304964,10538.0,0
538,435566.9897304964,10539.0,0
539,435566.9897304964,10540.0,0
540,435566.9897304964,10541.0,0
541,435566.9897304964,10542.0,0
542,435566.9897304964,10543.0,0
543,435566.9897304964,10544.0,0
544,435566.9897304964,10545.0,0
545,435566.9897304964,10546.0,0
546,435566.9897304964,10547.0,0
547,435566.9897304964,10548.0,0
548,435566.9897304964,10549.0,0
549,435566.9897304964,10550.0,0
550,435566.9897304964,10551.0,0
551,435566.9897304964,10552.0,0
552,435566.9897304964,10553.0,0
553,435566.9897304964,10554.0,0
554,435566.9897304964,10555.0,0
555,435566.9897304964,10556.0,0
556,435566.9897304964,10557.0,0
557,435566.9897304964,10558.0,0
558,435566.9897304964,10559.0,0
559,435566.9897304964,10560.0,0
560,435566.9897304964,10561.0,0
561,435566.9897304964,10562.0,0
562,435566.9897304964,10563.0,0
563,435566.9897304964,10564.0,0
564,435566.9897304964,10565.0,0
565,435566.9897304964,10566.0,0
566,435566.9897304964,10567.0,0
567,435566.9897304964,10568.0,0
568,435566.9897304964,10569.0,0
569,435566.9897304964,10570.0,0
570,435566.9897304964,10571.0,0
571,435566.9897304964,10572.0,0
572,435566.9897304964,10573.0,0
573,435566.9897304964,10574.0,0
574,435566.9897304964,10575.0,0
575,435566.9897304964,10576.0,0
576,435566.9897304964,10577.0,0
577,435566.9897304964,10578.0,0
578,435566.9897304964,10579.0,0
579,435566.9897304964,10580.0,0
580,435566.9897304964,10581.0,0
581,435566.9897304964,10582.0,0
582,435566.9897304964,10583.0,0
583,435566.9897304964,10584.0,0
584,435566.9897304964,10585.0,0
585,435566.9897304964,10586.0,0
586,435566.9897304964,10587.0,0
587,435566.9897304964,10588.0,0
588,435566.9897304964,10589.0,0
589,435566.9897304964,10590.0,0
590,435566.9897304964,10591.0,0
591,435566.9897304964,10592.0,0
592,435566.9897304964,10593.0,0
593,435566.9897304964,10594.0,0
594,435566.9897304964,10595.0,0
595,435566.9897304964,10596.0,0
596,435566.9897304964,10597.0,0
597,435566.9897304964,10598.0,0
598,435566.9897304964,10599.0,0
599,435566.9897304964,10600.0,0
600,435566.9897304964,10601.0,0
601,435566.9897304964,10602.0,0
602,435566.9897304964,10603.0,0
603,435566.9897304964,10604.0,0
604,435566.9897304964,10605.0,0
605,435566.9897304964,10606.0,0
606,435566.9897304964,10607.0,0
607,435566.9897304964,10608.0,0
608,435566.9897304964,10609.0,0
609,435566.9897304964,10610.0,0
610,435566.9897304964,10611.0,0
611,435566.9897304964,10612.0,0
612,435566.9897304964,10613.0,0
613,435566.9897304964,10614.0,0
614,435566.9897304964,10615.0,0
615,435566.9897304964,10616.0,0
616,435566.9897304964,10617.0,0
617,435566.9897304964,10618.0,0
618,435566.9897304964,10619.0,0
619,435566.9897304964,10620.0,0
620,435566.9897304964,10621.0,0
621,435566.9897304964,10622.0,0
622,435566.9897304964,10623.0,0
623,435566.9897304964,10624.0,0
624,435566.9897304964,10625.0,0
625,435566.9897304964,10626.0,0
626,435566.9897304964,10627.0,0
627,435566.9897304964,10628.0,0
628,435566.9897304964,10629.0,0
629,435566.9897304964,10630.0,0
630,435566.9897304964,10631.0,0
631,435566.9897304964,10632.0,0
632,435566.9897304964,10633.0,0
633,435566.9897304964,10634.0,0
634,435566.9897304964,10635.0,0
635,435566.9897304964,10636.0,0
636,435566.9897304964,10637.0,0
637,435566.9897304964,10638.0,0
638,435566.9897304964,10639.0,0
639,435566.9897304964,10640.0,0
640,435566.9897304964,10641.0,0
641,435566.9897304964,10642.0,0
642,435566.9897304964,10643.0,0
643,435566.9897304964,10644.0,0
644,435566.9897304964,10645.0,0
645,435566.9897304964,10646.0,0
646,435566.9897304964,10647.0,0
647,435566.9897304964,10648.0,0
648,435566.9897304964,10649.0,0
649,435566.9897304964,10650.0,0
650,435566.9897304964,10651.0,0
651,435566.9897304964,10652.0,0
652,435566.9897304964,10653.0,0
653,435566.9897304964,10654.0,0
654,435566.9897304964,10655.0,0
655,435566.9897304964,10656.0,0
656,435566.9897304964,10657.0,0
657,435566.9897304964,10658.0,0
658,435566.9897304964,10659.0,0
659,435566.9897304964,10660.0,0
660,435566.9897304964,10661.0,0
661,435566.9897304964,10662.0,0
662,435566.9897304964,10663.0,0
663,435566.9897304964,10664.0,0
664,435566.9897304964,10665.0,0
665,435566.9897304964,10666.0,0
666,435566.9897304964,10667.0,0
667,435566.9897304964,10668.0,0
668,435566.9897304964,10669.0,0
669,435566.9897304964,10670.0,0
670,435566.9897304964,10671.0,0
671,435566.9897304964,10672.0,0
672,435566.9897304964,10673.0,0
673,435566.9897304964,10674.0,0
674,435566.9897304964,10675.0,0
675,435566.9897304964,10676.0,0
676,435566.9897304964,10677.0,0
677,435566.9897304964,10678.0,0
678,435566.9897304964,10679.0,0
679,435566.9897304964,10680.0,0
680,435566.9897304964,10681.0,0
681,435566.9897304964,10682.0,0
682,435566.9897304964,10683.0,0
683,435566.9897304964,10684.0,0
684,435566.9897304964,10685.0,0
685,435566.9897304964,10686.0,0
686,435566.9897304964,10687.0,0
687,435566.9897304964,10688.0,0
688,435566.9897304964,10689.0,0
689,435566.9897304964,10690.0,0
690,435566.9897304964,10691.0,0
691,435566.9897304964,10692.0,0
692,435566.9897304964,10693.0,0
693,435566.9897304964,10694.0,0
694,435566.9897304964,10695.0,0
695,435566.9897304964,10696.0,0
696,435566.9897304964,10697.0,0
697,435566.9897304964,10698.0,0
698,435566.9897304964,10699.0,0
699,435566.9897304964,10700.0,0
700,435566.9897304964,10701.0,0
701,435566.9897304964,10702.0,0
702,435566.9897304964,10703.0,0
703,435566.9897304964,10704.0,0
704,435566.9897304964,10705.0,0
705,435566.9897304964,10706.0,0
706,435566.9897304964,10707.0,0
707,435566.9897304964,10708.0,0
708,435566.9897304964,10709.0,0
709,435566.9897304964,10710.0,0
710,435566.9897304964,10711.0,0
711,435566.9897304964,10712.0,0
712,435566.9897304964,10713.0,0
713,435566.9897304964,10714.0,0
714,435566.9897304964,10715.0,0
715,435566.9897304964,10716.0,0
716,435566.9897304964,10717.0,0
717,435566.9897304964,10718.0,0
718,435566.9897304964,10719.0,0
719,435566.9897304964,10720.0,0
720,435566.9897304964,10721.0,0
721,435566.9897304964,10722.0,0
722,435566.9897304964,10723.0,0
723,435566.9897304964,10724.0,0
724,435566.9897304964,10725.0,0
725,435566.9897304964,10726.0,0
726,435566.9897304964,10727.0,0
727,435566.9897304964,10728.0,0
728,435566.9897304964,10729.0,0
729,435566.9897304964,10730.0,0
730,435566.9897304964,10731.0,0
731,435566.9897304964,10732.0,0
732,435566.9897304964,10733.0,0
733,435566.9897304964,10734.0,0
734,435566.9897304964,10735.0,0
735,435566.9897304964,10736.0,0
736,435566.9897304964,10737.0,0
737,435566.9897304964,10738.0,0
738,435566.9897304964,10739.0,0
739,435566.9897304964,10740.0,0
740,435566.9897304964,10741.0,0
741,435566.9897304964,10742.0,0
742,435566.9897304964,10743.0,0
743,435566.9897304964,10744.0,0
744,435566.9897304964,10745.0,0
745,435566.9897304964,10746.0,0
746,435566.9897304964,10747.0,0
747,435566.9897304964,10748.0,0
748,435566.9897304964,10749.0,0
749,435566.9897304964,10750.0,0
750,435566.9897304964,10751.0,0
751,435566.9897304964,10752.0,0
752,435566.9897304964,10753.0,0
753,435566.9897304964,10754.0,0
754,435566.9897304964,10755.0,0
755,435566.9897304964,10756.0,0
756,435566.9897304964,10757.0,0
757,435566.9897304964,10758.0,0
758,435566.9897304964,10759.0,0
759,435566.9897304964,10760.0,0
760,435566.9897304964,10761.0,0
761,435566.9897304964,10762.0,0
762,435566.9897304964,10763.0,0
763,435566.9897304964,10764.0,0
764,435566.9897304964,10765.0,0
765,435566.9897304964,10766.0,0
766,435566.9897304964,10767.0,0
767,435566.9897304964,10768.0,0
768,435566.9897304964,10769.0,0
769,435566.9897304964,10770.0,0
770,435566.9897304964,10771.0,0
771,435566.9897304964,10772.0,0
772,435566.9897304964,10773.0,0
773,435566.9897304964,10774.0,0
774,435566.9897304964,10775.0,0
775,435566.9897304964,10776.0,0
776,435566.9897304964,10777.0,0
777,435566.9897304964,10778.0,0
778,435566.9897304964,10779.0,0
779,435566.9897304964,10780.0,0
780,435566.9897304964,10781.0,0
781,435566.9897304964,10782.0,0
782,435566.9897304964,10783.0,0
783,435566.9897304964,10784.0,0
784,435566.9897304964,10785.0,0
785,435566.9897304964,10786.0,0
786,435566.9897304964,10787.0,0
787,435566.9897304964,10788.0,0
788,435566.9897304964,10789.0,0
789,435566.9897304964,10790.0,0
790,435566.9897304964,10791.0,0
791,435566.9897304964,10792.0,0
792,435566.9897304964,10793.0,0
793,435566.9897304964,10794.0,0
794,435566.9897304964,10795.0,0
795,435566.9897304964,10796.0,0
796,435566.9897304964,10797.0,0
797,435566.9897304964,10798.0,0
798,435566.9897304964,10799.0,0
799,435566.9897304964,10800.0,0
800,435566.9897304964,10801.0,0
801,435566.9897304964,10802.0,0
802,435566.9897304964,10803.0,0
803,435566.9897304964,10804.0,0
804,435566.9897304964,10805.0,0
805,435566.9897304964,10806.0,0
806,435566.9897304964,10807.0,0
807,435566.9897304964,10808.0,0
808,435566.9897304964,10809.0,0
809,435566.9897304964,10810.0,0
810,435566.9897304964,10811.0,0
811,435566.9897304964,10812.0,0
812,435566.9897304964,10813.0,0
813,435566.9897304964,10814.0,0
814,435566.9897304964,10815.0,0
815,435566.9897304964,10816.0,0
816,435566.9897304964,10817.0,0
817,435566.9897304964,10818.0,0
818,435566.9897304964,10819.0,0
819,435566.9897304964,10820.0,0
820,435566.9897304964,10821.0,0
821,435566.9897304964,10822.0,0
822,435566.9897304964,10823.0,0
823,435566.9897304964,10824.0,0
824,435566.9897304964,10825.0,0
825,435566.9897304964,10826.0,0
826,435566.9897304964,10827.0,0
827,435566.9897304964,10828.0,0
828,435566.9897304964,10829.0,0
829,435566.9897304964,10830.0,0
830,435566.9897304964,10831.0,0
831,435566.9897304964,10832.0,0
832,435566.9897304964,10833.0,0
833,435566.9897304964,10834.0,0
834,435566.9897304964,10835.0,0
835,435566.9897304964,10836.0,0
836,435566.9897304964,10837.0,0
837,435566.9897304964,10838.0,0
838,435566.9897304964,10839.0,0
839,435566.9897304964,10840.0,0
840,435566.9897304964,10841.0,0
841,435566.9897304964,10842.0,0
842,435566.9897304964,10843.0,0
843,435566.9897304964,10844.0,0
844,435566.9897304964,10845.0,0
845,435566.9897304964,10846.0,0
846,435566.9897304964,10847.0,0
847,435566.9897304964,10848.0,0
848,435566.9897304964,10849.0,0
849,435566.9897304964,10850.0,0
850,435566.9897304964,10851.0,0
851,435566.9897304964,10852.0,0
852,435566.9897304964,10853.0,0
853,435566.9897304964,10854.0,0
854,435566.9897304964,10855.0,0
855,435566.9897304964,10856.0,0
856,435566.9897304964,10857.0,0
857,435566.9897304964,10858.0,0
858,435566.9897304964,10859.0,0
859,435566.9897304964,10860.0,0
860,435566.9897304964,10861.0,0
861,435566.9897304964,10862.0,0
862,435566.9897304964,10863.0,0
863,435566.9897304964,10864.0,0
864,435566.9897304964,10865.0,0
865,435566.9897304964,10866.0,0
866,435566.9897304964,10867.0,0
867,435566.9897304964,10868.0,0
868,435566.9897304964,10869.0,0
869,435566.9897304964,10870.0,0
870,435566.9897304964,10871.0,0
871,435566.9897304964,10872.0,0
872,435566.9897304964,10873.0,0
873,435566.9897304964,10874.0,0
874,435566.9897304964,10875.0,0
875,435566.9897304964,10876.0,0
876,435566.9897304964,10877.0,0
877,435566.9897304964,10878.0,0
878,435566.9897304964,10879.0,0
879,435566.9897304964,10880.0,0
880,435566.9897304964,10881.0,0
881,435566.9897304964,10882.0,0
882,435566.9897304964,10883.0,0
883,435566.9897304964,10884.0,0
884,435566.9897304964,10885.0,0
885,435566.9897304964,10886.0,0
886,435566.9897304964,10887.0,0
887,435566.9897304964,10888.0,0
888,435566.9897304964,10889.0,0
889,435566.9897304964,10890.0,0
890,435566.9897304964,10891.0,0
891,435566.9897304964,10892.0,0
892,435566.9897304964,10893.0,0
893,435566.9897304964,10894.0,0
894,435566.9897304964,10895.0,0
895,435566.9897304964,10896.0,0
896,435566.9897304964,10897.0,0
897,435566.9897304964,10898.0,0
898,435566.9897304964,10899.0,0
899,435566.9897304964,10900.0,0
900,435566.9897304964,10901.0,0
901,435566.9897304964,10902.0,0
902,435566.9897304964,10903.0,0
903,435566.9897304964,10904.0,0
904,435566.9897304964,10905.0,0
905,435566.9897304964,10906.0,0
906,435566.9897304964,10907.0,0
907,435566.9897304964,10908.0,0
908,435566.9897304964,10909.0,0
909,435566.9897304964,10910.0,0
910,435566.9897304964,10911.0,0
911,435566.9897304964,10912.0,0
912,435566.9897304964,10913.0,0
913,435566.9897304964,10914.0,0
914,435566.9897304964,10915.0,0
915,435566.9897304964,10916.0,0
916,435566.9897304964,10917.0,0
917,435566.9897304964,10918.0,0
918,435566.9897304964,10919.0,0
919,435566.9897304964,10920.0,0
920,435566.9897304964,10921.0,0
921,435566.9897304964,10922.0,0
922,435566.9897304964,10923.0,0
923,435566.9897304964,10924.0,0
924,435566.9897304964,10925.0,0
925,435566.9897304964,10926.0,0
926,435566.9897304964,10927.0,0
927,435566.9897304964,10928.0,0
928,435566.9897304964,10929.0,0
929,435566.9897304964,10930.0,0
930,435566.9897304964,10931.0,0
931,435566.9897304964,10932.0,0
932,435566.9897304964,10933.0,0
933,435566.9897304964,10934.0,0
934,435566.9897304964,10935.0,0
935,435566.9897304964,10936.0,0
936,435566.9897304964,10937.0,0
937,435566.9897304964,10938.0,0
938,435566.9897304964,10939.0,0
939,435566.9897304964,10940.0,0
940,435566.9897304964,10941.0,0
941,435566.9897304964,10942.0,0
942,435566.9897304964,10943.0,0
943,435566.9897304964,10944.0,0
944,435566.9897304964,10945.0,0
945,435566.9897304964,10946.0,0
946,435566.9897304964,10947.0,0
947,435566.9897304964,10948.0,0
948,435566.9897304964,10949.0,0
949,435566.9897304964,10950.0,0
950,435566.9897304964,10951.0,0
951,435566.9897304964,10952.0,0
952,435566.9897304964,10953.0,0
953,435566.9897304964,10954.0,0
954,435566.9897304964,10955.0,0
955,435566.9897304964,10956.0,0
956,435566.9897304964,10957.0,0
957,435566.9897304964,10958.0,0
958,435566.9897304964,10959.0,0
959,435566.9897304964,10960.0,0
960,435566.9897304964,10961.0,0
961,435566.9897304964,10962.0,0
962,435566.9897304964,10963.0,0
963,435566.9897304964,10964.0,0
964,435566.9897304964,10965.0,0
965,435566.9897304964,10966.0,0
966,435566.9897304964,10967.0,0
967,435566.9897304964,10968.0,0
968,435566.9897304964,10969.0,0
969,435566.9897304964,10970.0,0
970,435566.9897304964,10971.0,0
971,435566.9897304964,10972.0,0
972,435566.9897304964,10973.0,0
973,435566.9897304964,10974.0,0
974,435566.9897304964,10975.0,0
975,435566.9897304964,10976.0,0
976,435566.9897304964,10977.0,0
977,435566.9897304964,10978.0,0
978,435566.9897304964,10979.0,0
979,435566.9897304964,10980.0,0
980,435566.9897304964,10981.0,0
981,435566.9897304964,10982.0,0
982,435566.9897304964,10983.0,0
983,435566.9897304964,10984.0,0
984,435566.9897304964,10985.0,0
985,435566.9897304964,10986.0,0
986,435566.9897304964,10987.0,0
987,435566.9897304964,10988.0,0
988,435566.9897304964,10989.0,0
989,435566.9897304964,10990.0,0
990,435566.9897304964,10991.0,0
991,435566.9897304964,10992.0,0
992,435566.9897304964,10993.0,0
993,435566.9897304964,10994.0,0
994,435566.9897304964,10995.0,0
995,435566.9897304964,10996.0,0
996,435566.9897304964,10997.0,0
997,435566.9897304964,10998.0,0
998,435566.9897304964,10999.0,0
999,435566.9897304964,11000.0,0
1000,435566.9897304964,11001.0,0
1001,435566.9897304964,11002.0,0
1002,435566.9897304964,11003.0,0
1003,435566.9897304964,11004.0,0
1004,435566.9897304964,11005.0,0
1005,435566.9897304964,11006.0,0
1006,435566.9897304964,11007.0,0
1007,435566.9897304964,11008.0,0
1008,435566.9897304964,11009.0,0
1009,435566.9897304964,11010.0,0
1010,435566.9897304964,11011.0,0
1011,435566.9897304964,11012.0,0
1012,435566.9897304964,11013.0,0
1013,435566.9897304964,11014.0,0
1014,435566.9897304964,11015.0,0
1015,435566.9897304964,11016.0,0
1016,435566.9897304964,11017.0,0
1017,435566.9897304964,11018.0,0
1018,435566.9897304964,11019.0,0
1019,435566.9897304964,11020.0,0
1020,435566.9897304964,11021.0,0
1021,435566.9897304964,11022.0,0
1022,435566.9897304964,11023.0,0
1023,435566.9897304964,11024.0,0
1024,435566.9897304964,11025.0,0
1025,435566.9897304964,11026.0,0
1026,435566.9897304964,11027.0,0
1027,435566.9897304964,11028.0,0
1028,435566.9897304964,11029.0,0
1029,435566.9897304964,11030.0,0
1030,435566.9897304964,11031.0,0
1031,435566.9897304964,11032.0,0
1032,435566.9897304964,11033.0,0
1033,435566.9897304964,11034.0,0
1034,435566.9897304964,11035.0,0
1035,435566.9897304964,11036.0,0
1036,435566.9897304964,11037.0,0
1037,435566.9897304964,11038.0,0
1038,435566.9897304964,11039.0,0
1039,435566.9897304964,11040.0,0
1040,435566.9897304964,11041.0,0
1041,435566.9897304964,11042.0,0
1042,435566.9897304964,11043.0,0
1043,435566.9897304964,11044.0,0
1044,435566.9897304964,11045.0,0
1045,435566.9897304964,11046.0,0
1046,435566.9897304964,11047.0,0
1047,435566.9897304964,11048.0,0
1048,435566.9897304964,11049.0,0
1049,435566.9897304964,11050.0,0
1050,435566.9897304964,11051.0,0
1051,435566.9897304964,11052.0,0
1052,435566.9897304964,11053.0,0
1053,435566.9897304964,11054.0,0
1054,435566.9897304964,11055.0,0
1055,435566.9897304964,11056.0,0
1056,435566.9897304964,11057.0,0
1057,435566.9897304964,11058.0,0
1058,435566.9897304964,11059.0,0
1059,435566.9897304964,11060.0,0
1060,435566.9897304964,11061.0,0
1061,435566.9897304964,11062.0,0
1062,435566.9897304964,11063.0,0
1063,435566.9897304964,11064.0,0
1064,435566.9897304964,11065.0,0
1065,435566.9897304964,11066.0,0
1066,435566.9897304964,11067.0,0
1067,435566.9897304964,11068.0,0
1068,435566.9897304964,11069.0,0
1069,435566.9897304964,11070.0,0
1070,435566.9897304964,11071.0,0
1071,435566.9897304964,11072.0,0
1072,435566.9897304964,11073.0,0
1073,435566.9897304964,11074.0,0
1074,435566.9897304964,11075.0,0
1075,435566.9897304964,11076.0,0
1076,435566.9897304964,11077.0,0
1077,435566.9897304964,11078.0,0
1078,435566.9897304964,11079.0,0
1079,435566.9897304964,11080.0,0
1080,435566.9897304964,11081.0,0
1081,435566.9897304964,11082.0,0
1082,435566.9897304964,11083.0,0
1083,435566.9897304964,11084.0,0
1084,435566.9897304964,11085.0,0
1085,435566.9897304964,11086.0,0
1086,435566.9897304964,11087.0,0
1087,435566.9897304964,11088.0,0
1088,435566.9897304964,11089.0,0
1089,435566.9897304964,11090.0,0
1090,435566.9897304964,11091.0,0
1091,435566.9897304964,11092.0,0
1092,435566.9897304964,11093.0,0
1093,435566.9897304964,11094.0,0
1094,435566.9897304964,11095.0,0
1095,435566.9897304964,11096.0,0
1096,435566.9897304964,11097.0,0
1097,435566.9897304964,11098.0,0
1098,435566.9897304964,11099.0,0
1099,435566.9897304964,11100.0,0
1100,435566.9897304964,11101.0,0
1101,435566.9897304964,11102.0,0
1102,435566.9897304964,11103.0,0
1103,435566.9897304964,11104.0,0
1104,435566.9897304964,11105.0,0
1105,435566.9897304964,11106.0,0
1106,435566.9897304964,11107.0,0
1107,435566.9897304964,11108.0,0
1108,435566.9897304964,11109.0,0
1109,435566.9897304964,11110.0,0
1110,435566.9897304964,11111.0,0
1111,435566.9897304964,11112.0,0
1112,435566.9897304964,11113.0,0
1113,435566.9897304964,11114.0,0
1114,435566.9897304964,11115.0,0
1115,435566.9897304964,11116.0,0
1116,435566.9897304964,11117.0,0
1117,435566.9897304964,11118.0,0
1118,435566.9897304964,11119.0,0
1119,435566.9897304964,11120.0,0
1120,435566.9897304964,11121.0,0
1121,435566.9897304964,11122.0,0
1122,435566.9897304964,11123.0,0
1123,435566.9897304964,11124.0,0
1124,435566.9897304964,11125.0,0
1125,435566.9897304964,11126.0,0
1126,435566.9897304964,11127.0,0
1127,435566.9897304964,11128.0,0
1128,435566.9897304964,11129.0,0
1129,435566.9897304964,11130.0,0
1130,435566.9897304964,11131.0,0
1131,435566.9897304964,11132.0,0
1132,435566.9897304964,11133.0,0
1133,435566.9897304964,11134.0,0
1134,435566.9897304964,11135.0,0
1135,435566.9897304964,11136.0,0
1136,435566.9897304964,11137.0,0
1137,435566.9897304964,11138.0,0
1138,435566.9897304964,11139.0,0
1139,435566.9897304964,11140.0,0
1140,435566.9897304964,11141.0,0
1141,435566.9897304964,11142.0,0
1142,435566.9897304964,11143.0,0
1143,435566.9897304964,11144.0,0
1144,435566.9897304964,11145.0,0
1145,435566.9897304964,11146.0,0
1146,435566.9897304964,11147.0,0
1147,435566.9897304964,11148.0,0
1148,435566.9897304964,11149.0,0
1149,435566.9897304964,11150.0,0
1150,435566.9897304964,11151.0,0
1151,435566.9897304964,11152.0,0
1152,435566.9897304964,11153.0,0
1153,435566.9897304964,11154.0,0
1154,435566.9897304964,11155.0,0
1155,435566.9897304964,11156.0,0
1156,435566.9897304964,11157.0,0
1157,435566.9897304964,11158.0,0
1158,435566.9897304964,11159.0,0
1159,435566.9897304964,11160.0,0
1160,435566.9897304964,11161.0,0
1161,435566.9897304964,11162.0,0
1162,435566.9897304964,11163.0,0
1163,435566.9897304964,11164.0,0
1164,435566.9897304964,11165.0,0
1165,435566.9897304964,11166.0,0
1166,435566.9897304964,11167.0,0
1167,435566.9897304964,11168.0,0
1168,435566.9897304964,11169.0,0
1169,435566.9897304964,11170.0,0
1170,435566.9897304964,11171.0,0
1171,435566.9897304964,11172.0,0
1172,435566.9897304964,11173.0,0
1173,435566.9897304964,11174.0,0
1174,435566.9897304964,11175.0,0
1175,435566.9897304964,11176.0,0
1176,435566.9897304964,11177.0,0
1177,435566.9897304964,11178.0,0
1178,435566.9897304964,11179.0,0
1179,435566.9897304964,11180.0,0
1180,435566.9897304964,11181.0,0
1181,435566.9897304964,11182.0,0
1182,435566.9897304964,11183.0,0
1183,435566.9897304964,11184.0,0
1184,435566.9897304964,11185.0,0
1185,435566.9897304964,11186.0,0
1186,435566.9897304964,11187.0,0
1187,435566.9897304964,11188.0,0
1188,435566.9897304964,11189.0,0
1189,435566.9897304964,11190.0,0
1190,435566.9897304964,11191.0,0
1191,435566.9897304964,11192.0,0
1192,435566.9897304964,11193.0,0
1193,435566.9897304964,11194.0,0
1194,435566.9897304964,11195.0,0
1195,435566.9897304964,11196.0,0
1196,435566.9897304964,11197.0,0
1197,435566.9897304964,11198.0,0
1198,435566.9897304964,11199.0,0
1199,435566.9897304964,11200.0,0
1200,435566.9897304964,11201.0,0
1201,435566.9897304964,11202.0,0
1202,435566.9897304964,11203.0,0
1203,435566.9897304964,11204.0,0
1204,435566.9897304964,11205.0,0
1205,435566.9897304964,11206.0,0
1206,435566.9897304964,11207.0,0
1207,435566.9897304964,11208.0,0
1208,435566.9897304964,11209.0,0
1209,435566.9897304964,11210.0,0
1210,435566.9897304964,11211.0,0
1211,435566.9897304964,11212.0,0
1212,435566.9897304964,11213.0,0
1213,435566.9897304964,11214.0,0
1214,435566.9897304964,11215.0,0
1215,435566.9897304964,11216.0,0
1216,435566.9897304964,11217.0,0
1217,435566.9897304964,11218.0,0
1218,435566.9897304964,11219.0,0
1219,435566.9897304964,11220.0,0
1220,435566.9897304964,11221.0,0
1221,435566.9897304964,11222.0,0
1222,435566.9897304964,11223.0,0
1223,435566.9897304964,11224.0,0
1224,435566.9897304964,11225.0,0
1225,435566.9897304964,11226.0,0
1226,435566.9897304964,11227.0,0
1227,435566.9897304964,11228.0,0
1228,435566.9897304964,11229.0,0
1229,435566.9897304964,11230.0,0
1230,435566.9897304964,11231.0,0
1231,435566.9897304964,11232.0,0
1232,435566.9897304964,11233.0,0
1233,435566.9897304964,11234.0,0
1234,435566.9897304964,11235.0,0
1235,435566.9897304964,11236.0,0
1236,435566.9897304964,11237.0,0
1237,435566.9897304964,11238.0,0
1238,435566.9897304964,11239.0,0
1239,435566.9897304964,11240.0,0
1240,435566.9897304964,11241.0,0
1241,435566.9897304964,11242.0,0
1242,435566.9897304964,11243.0,0
1243,435566.9897304964,11244.0,0
1244,435566.9897304964,11245.0,0
1245,435566.9897304964,11246.0,0
1246,435566.9897304964,11247.0,0
1247,435566.9897304964,11248.0,0
1248,435566.9897304964,11249.0,0
1249,435566.9897304964,11250.0,0
1250,435566.9897304964,11251.0,0
1251,435566.9897304964,11252.0,0
1252,435566.9897304964,11253.0,0
1253,435566.9897304964,11254.0,0
1254,435566.9897304964,11255.0,0
1255,435566.9897304964,11256.0,0
1256,435566.9897304964,11257.0,0
1257,435566.9897304964,11258.0,0
1258,435566.9897304964,11259.0,0
1259,435566.9897304964,11260.0,0
1260,435566.9897304964,11261.0,0
1261,435566.9897304964,11262.0,0
1262,435566.9897304964,11263.0,0
1263,435566.9897304964,11264.0,0
1264,435566.9897304964,11265.0,0
1265,435566.9897304964,11266.0,0
1266,435566.9897304964,11267.0,0
1267,435566.9897304964,11268.0,0
1268,435566.9897304964,11269.0,0
1269,435566.9897304964,11270.0,0
1270,435566.9897304964,11271.0,0
1271,435566.9897304964,11272.0,0
1272,435566.9897304964,11273.0,0
1273,435566.9897304964,11274.0,0
1274,435566.9897304964,11275.0,0
1275,435566.9897304964,11276.0,0
1276,435566.9897304964,11277.0,0
1277,435566.9897304964,11278.0,0
1278,435566.9897304964,11279.0,0
1279,435566.9897304964,11280.0,0
1280,435566.9897304964,11281.0,0
1281,435566.9897304964,11282.0,0
1282,435566.9897304964,11283.0,0
1283,435566.9897304964,11284.0,0
1284,435566.9897304964,11285.0,0
1285,435566.9897304964,11286.0,0
1286,435566.9897304964,11287.0,0
1287,435566.9897304964,11288.0,0
1288,435566.9897304964,11289.0,0
1289,435566.9897304964,11290.0,0
1290,435566.9897304964,11291.0,0
1291,435566.9897304964,11292.0,0
1292,435566.9897304964,11293.0,0
1293,435566.9897304964,11294.0,0
1294,435566.9897304964,11295.0,0
1295,435566.9897304964,11296.0,0
1296,435566.9897304964,11297.0,0
1297,435566.9897304964,11298.0,0
1298,435566.9897304964,11299.0,0
1299,435566.9897304964,11300.0,0
1300,435566.9897304964,11301.0,0
1301,435566.9897304964,11302.0,0
1302,435566.9897304964,11303.0,0
1303,435566.9897304964,11304.0,0
1304,435566.9897304964,11305.0,0
1305,435566.9897304964,11306.0,0
1306,435566.9897304964,11307.0,0
1307,435566.9897304964,11308.0,0
1308,435566.9897304964,11309.0,0
1309,435566.9897304964,11310.0,0
1310,435566.9897304964,11311.0,0
1311,435566.9897304964,11312.0,0
1312,435566.9897304964,11313.0,0
1313,435566.9897304964,11314.0,0
1314,435566.9897304964,11315.0,0
1315,435566.9897304964,11316.0,0
1316,435566.9897304964,11317.0,0
1317,435566.9897304964,11318.0,0
1318,435566.9897304964,11319.0,0
1319,435566.9897304964,11320.0,0
1320,435566.9897304964,11321.0,0
1321,435566.9897304964,11322.0,0
1322,435566.9897304964,11323.0,0
1323,435566.9897304964,11324.0,0
1324,435566.9897304964,11325.0,0
1325,435566.9897304964,11326.0,0
1326,435566.9897304964,11327.0,0
1327,435566.9897304964,11328.0,0
1328,435566.9897304964,11329.0,0
1329,435566.9897304964,11330.0,0
1330,435566.9897304964,11331.0,0
1331,435566.9897304964,11332.0,0
1332,435566.9897304964,11333.0,0
1333,435566.9897304964,11334.0,0
1334,435566.9897304964,11335.0,0
1335,435566.9897304964,11336.0,0
1336,435566.9897304964,11337.0,0
1337,435566.9897304964,11338.0,0
1338,435566.9897304964,11339.0,0
1339,435566.9897304964,11340.0,0
1340,435566.9897304964,11341.0,0
1341,435566.9897304964,11342.0,0
1342,435566.9897304964,11343.0,0
1343,435566.9897304964,11344.0,0
1344,435566.9897304964,11345.0,0
1345,435566.9897304964,11346.0,0
1346,435566.9897304964,11347.0,0
1347,435566.9897304964,11348.0,0
1348,435566.9897304964,11349.0,0
1349,435566.9897304964,11350.0,0
1350,435566.9897304964,11351.0,0
1351,435566.9897304964,11352.0,0
1352,435566.9897304964,11353.0,0
1353,435566.9897304964,11354.0,0
1354,435566.9897304964,11355.0,0
1355,435566.9897304964,11356.0,0
1356,435566.9897304964,11357.0,0
1357,435566.9897304964,11358.0,0
1358,435566.9897304964,11359.0,0
1359,435566.9897304964,11360.0,0
1360,435566.9897304964,11361.0,0
1361,435566.9897304964,11362.0,0
1362,435566.9897304964,11363.0,0
1363,435566.9897304964,11364.0,0
1364,435566.9897304964,11365.0,0
1365,435566.9897304964,11366.0,0
1366,435566.9897304964,11367.0,0
1367,435566.9897304964,11368.0,0
1368,435566.9897304964,11369.0,0
1369,435566.9897304964,11370.0,0
1370,435566.9897304964,11371.0,0
1371,435566.9897304964,11372.0,0
1372,435566.9897304964,11373.0,0
1373,435566.9897304964,11374.0,0
1374,435566.9897304964,11375.0,0
1375,435566.9897304964,11376.0,0
1376,435566.9897304964,11377.0,0
1377,435566.9897304964,11378.0,0
1378,435566.9897304964,11379.0,0
1379,435566.9897304964,11380.0,0
1380,435566.9897304964,11381.0,0
1381,435566.9897304964,11382.0,0
1382,435566.9897304964,11383.0,0
1383,435566.9897304964,11384.0,0
1384,435566.9897304964,11385.0,0
1385,435566.9897304964,11386.0,0
1386,435566.9897304964,11387.0,0
1387,435566.9897304964,11388.0,0
1388,435566.9897304964,11389.0,0
1389,435566.9897304964,11390.0,0
1390,435566.9897304964,11391.0,0
1391,435566.9897304964,11392.0,0
1392,435566.9897304964,11393.0,0
1393,435566.9897304964,11394.0,0
1394,435566.9897304964,11395.0,0
1395,435566.9897304964,11396.0,0
1396,435566.9897304964,11397.0,0
1397,435566.9897304964,11398.0,0
1398,435566.9897304964,11399.0,0
1399,435566.9897304964,11400.0,0
1400,435566.9897304964,11401.0,0
1401,435566.9897304964,11402.0,0
1402,435566.9897304964,11403.0,0
1403,435566.9897304964,11404.0,0
1404,435566.9897304964,11405.0,0
1405,435566.9897304964,11406.0,0
1406,435566.9897304964,11407.0,0
1407,435566.9897304964,11408.0,0
1408,435566.9897304964,11409.0,0
1409,435566.9897304964,11410.0,0
1410,435566.9897304964,11411.0,0
1411,435566.9897304964,11412.0,0
1412,435566.9897304964,11413.0,0
1413,435566.9897304964,11414.0,0
1414,435566.9897304964,11415.0,0
1415,435566.9897304964,11416.0,0
1416,435566.9897304964,11417.0,0
1417,435566.9897304964,11418.0,0
1418,435566.9897304964,11419.0,0
1419,435566.9897304964,11420.0,0
1420,435566.9897304964,11421.0,0
1421,435566.9897304964,11422.0,0
1422,435566.9897304964,11423.0,0
1423,435566.9897304964,11424.0,0
1424,435566.9897304964,11425.0,0
1425,435566.9897304964,11426.0,0
1426,435566.9897304964,11427.0,0
1427,435566.9897304964,11428.0,0
1428,435566.9897304964,11429.0,0
1429,435566.9897304964,11430.0,0
1430,435566.9897304964,11431.0,0
1431,435566.9897304964,11432.0,0
1432,435566.9897304964,11433.0,0
1433,435566.9897304964,11434.0,0
1434,435566.9897304964,11435.0,0
1435,435566.9897304964,11436.0,0
1436,435566.9897304964,11437.0,0
1437,435566.9897304964,11438.0,0
1438,435566.9897304964,11439.0,0
1439,435566.9897304964,11440.0,0
1440,435566.9897304964,11441.0,0
1441,435566.9897304964,11442.0,0
1442,435566.9897304964,11443.0,0
1443,435566.9897304964,11444.0,0
1444,435566.9897304964,11445.0,0
1445,435566.9897304964,11446.0,0
1446,435566.9897304964,11447.0,0
1447,435566.9897304964,11448.0,0
1448,435566.9897304964,11449.0,0
1449,435566.9897304964,11450.0,0
1450,435566.9897304964,11451.0,0
1451,435566.9897304964,11452.0,0
1452,435566.9897304964,11453.0,0
1453,435566.9897304964,11454.0,0
1454,435566.9897304964,11455.0,0
1455,435566.9897304964,11456.0,0
1456,435566.9897304964,11457.0,0
1457,435566.9897304964,11458.0,0
1458,435566.9897304964,11459.0,0
1459,435566.9897304964,11460.0,0
1460,435566.9897304964,11461.0,0
1461,435566.9897304964,11462.0,0
1462,435566.9897304964,11463.0,0
1463,435566.9897304964,11464.0,0
1464,435566.9897304964,11465.0,0
1465,435566.9897304964,11466.0,0
1466,435566.9897304964,11467.0,0
1467,435566.9897304964,11468.0,0
1468,435566.9897304964,11469.0,0
1469,435566.9897304964,11470.0,0
1470,435566.9897304964,11471.0,0
1471,435566.9897304964,11472.0,0
1472,435566.9897304964,11473.0,0
1473,435566.9897304964,11474.0,0
1474,435566.9897304964,11475.0,0
1475,435566.9897304964,11476.0,0
1476,435566.9897304964,11477.0,0
1477,435566.9897304964,11478.0,0
1478,435566.9897304964,11479.0,0
1479,435566.9897304964,11480.0,0
1480,435566.9897304964,11481.0,0
1481,435566.9897304964,11482.0,0
1482,435566.9897304964,11483.0,0
1483,435566.9897304964,11484.0,0
1484,435566.9897304964,11485.0,0
1485,435566.9897304964,11486.0,0
1486,435566.9897304964,11487.0,0
1487,435566.9897304964,11488.0,0
1488,435566.9897304964,11489.0,0
1489,435566.9897304964,11490.0,0
1490,435566.9897304964,11491.0,0
1491,435566.9897304964,11492.0,0
1492,435566.9897304964,11493.0,0
1493,435566.9897304964,11494.0,0
1494,435566.9897304964,11495.0,0
1495,435566.9897304964,11496.0,0
1496,435566.9897304964,11497.0,0
1497,435566.9897304964,11498.0,0
1498,435566.9897304964,11499.0,0
1499,435566.9897304964,11500.0,0
1500,435566.9897304964,11501.0,0
1501,435566.9897304964,11502.0,0
1502,435566.9897304964,11503.0,0
1503,435566.9897304964,11504.0,0
1504,435566.9897304964,11505.0,0
1505,435566.9897304964,11506.0,0
1506,435566.9897304964,11507.0,0
1507,435566.9897304964,11508.0,0
1508,435566.9897304964,11509.0,0
1509,435566.9897304964,11510.0,0
1510,435566.9897304964,11511.0,0
1511,435566.9897304964,11512.0,0
1512,435566.9897304964,11513.0,0
1513,435566.9897304964,11514.0,0
1514,435566.9897304964,11515.0,0
1515,435566.9897304964,11516.0,0
1516,435566.9897304964,11517.0,0
1517,435566.9897304964,11518.0,0
1518,435566.9897304964,11519.0,0
1519,435566.9897304964,11520.0,0
1520,435566.9897304964,11521.0,0
1521,435566.9897304964,11522.0,0
1522,435566.9897304964,11523.0,0
1523,435566.9897304964,11524.0,0
1524,435566.9897304964,11525.0,0
1525,435566.9897304964,11526.0,0
1526,435566.9897304964,11527.0,0
1527,435566.9897304964,11528.0,0
1528,435566.9897304964,11529.0,0
1529,435566.9897304964,11530.0,0
1530,435566.9897304964,11531.0,0
1531,435566.9897304964,11532.0,0
1532,435566.9897304964,11533.0,0
1533,435566.9897304964,11534.0,0
1534,435566.9897304964,11535.0,0
1535,435566.9897304964,11536.0,0
1536,435566.9897304964,11537.0,0
1537,435566.9897304964,11538.0,0
1538,435566.9897304964,11539.0,0
1539,435566.9897304964,11540.0,0
1540,435566.9897304964,11541.0,0
1541,435566.9897304964,11542.0,0
1542,435566.9897304964,11543.0,0
1543,435566.9897304964,11544.0,0
1544,435566.9897304964,11545.0,0
1545,435566.9897304964,11546.0,0
1546,435566.9897304964,11547.0,0
1547,435566.9897304964,11548.0,0
1548,435566.9897304964,11549.0,0
1549,435566.9897304964,11550.0,0
1550,435566.9897304964,11551.0,0
1551,435566.9897304964,11552.0,0
1552,435566.9897304964,11553.0,0
1553,435566.9897304964,11554.0,0
1554,435566.9897304964,11555.0,0
1555,435566.9897304964,11556.0,0
1556,435566.9897304964,11557.0,0
1557,435566.9897304964,11558.0,0
1558,435566.9897304964,11559.0,0
1559,435566.9897304964,11560.0,0
1560,435566.9897304964,11561.0,0
1561,435566.9897304964,11562.0,0
1562,435566.9897304964,11563.0,0
1563,435566.9897304964,11564.0,0
1564,435566.9897304964,11565.0,0
1565,435566.9897304964,11566.0,0
1566,435566.9897304964,11567.0,0
1567,435566.9897304964,11568.0,0
1568,435566.9897304964,11569.0,0
1569,435566.9897304964,11570.0,0
1570,435566.9897304964,11571.0,0
1571,435566.9897304964,11572.0,0
1572,435566.9897304964,11573.0,0
1573,435566.9897304964,11574.0,0
1574,435566.9897304964,11575.0,0
1575,435566.9897304964,11576.0,0
1576,435566.9897304964,11577.0,0
1577,435566.9897304964,11578.0,0
1578,435566.9897304964,11579.0,0
1579,435566.9897304964,11580.0,0
1580,435566.9897304964,11581.0,0
1581,435566.9897304964,11582.0,0
1582,435566.9897304964,11583.0,0
1583,435566.9897304964,11584.0,0
1584,435566.9897304964,11585.0,0
1585,435566.9897304964,11586.0,0
1586,435566.9897304964,11587.0,0
1587,435566.9897304964,11588.0,0
1588,435566.9897304964,11589.0,0
1589,435566.9897304964,11590.0,0
1590,435566.9897304964,11591.0,0
1591,435566.9897304964,11592.0,0
1592,435566.9897304964,11593.0,0
1593,435566.9897304964,11594.0,0
1594,435566.9897304964,11595.0,0
1595,435566.9897304964,11596.0,0
1596,435566.9897304964,11597.0,0
1597,435566.9897304964,11598.0,0
1598,435566.9897304964,11599.0,0
1599,435566.9897304964,11600.0,0
1600,435566.9897304964,11601.0,0
1601,435566.9897304964,11602.0,0
1602,435566.9897304964,11603.0,0
1603,435566.9897304964,11604.0,0
1604,435566.9897304964,11605.0,0
1605,435566.9897304964,11606.0,0
1606,435566.9897304964,11607.0,0
1607,435566.9897304964,11608.0,0
1608,435566.9897304964,11609.0,0
1609,435566.9897304964,11610.0,0
1610,435566.9897304964,11611.0,0
1611,435566.9897304964,11612.0,0
1612,435566.9897304964,11613.0,0
1613,435566.9897304964,11614.0,0
1614,435566.9897304964,11615.0,0
1615,435566.9897304964,11616.0,0
1616,435566.9897304964,11617.0,0
1617,435566.9897304964,11618.0,0
1618,435566.9897304964,11619.0,0
1619,435566.9897304964,11620.0,0
1620,435566.9897304964,11621.0,0
1621,435566.9897304964,11622.0,0
1622,435566.9897304964,11623.0,0
1623,435566.9897304964,11624.0,0
1624,435566.9897304964,11625.0,0
1625,435566.9897304964,11626.0,0
1626,435566.9897304964,11627.0,0
1627,435566.9897304964,11628.0,0
1628,435566.9897304964,11629.0,0
1629,435566.9897304964,11630.0,0
1630,435566.9897304964,11631.0,0
1631,435566.9897304964,11632.0,0
1632,435566.9897304964,11633.0,0
1633,435566.9897304964,11634.0,0
1634,435566.9897304964,11635.0,0
1635,435566.9897304964,11636.0,0
1636,435566.9897304964,11637.0,0
1637,435566.9897304964,11638.0,0
1638,435566.9897304964,11639.0,0
1639,435566.9897304964,11640.0,0
1640,435566.9897304964,11641.0,0
1641,435566.9897304964,11642.0,0
1642,435566.9897304964,11643.0,0
1643,435566.9897304964,11644.0,0
1644,435566.9897304964,11645.0,0
1645,435566.9897304964,11646.0,0
1646,435566.9897304964,11647.0,0
1647,435566.9897304964,11648.0,0
1648,435566.9897304964,11649.0,0
1649,435566.9897304964,11650.0,0
1650,435566.9897304964,11651.0,0
1651,435566.9897304964,11652.0,0
1652,435566.9897304964,11653.0,0
1653,435566.9897304964,11654.0,0
1654,435566.9897304964,11655.0,0
1655,435566.9897304964,11656.0,0
1656,435566.9897304964,11657.0,0
1657,435566.9897304964,11658.0,0
1658,435566.9897304964,11659.0,0
1659,435566.9897304964,11660.0,0
1660,435566.9897304964,11661.0,0
1661,435566.9897304964,11662.0,0
1662,435566.9897304964,11663.0,0
1663,435566.9897304964,11664.0,0
1664,435566.9897304964,11665.0,0
1665,435566.9897304964,11666.0,0
1666,435566.9897304964,11667.0,0
1667,435566.9897304964,11668.0,0
1668,435566.9897304964,11669.0,0
1669,435566.9897304964,11670.0,0
1670,435566.9897304964,11671.0,0
1671,435566.9897304964,11672.0,0
1672,435566.9897304964,11673.0,0
1673,435566.9897304964,11674.0,0
1674,435566.9897304964,11675.0,0
1675,435566.9897304964,11676.0,0
1676,435566.9897304964,11677.0,0
1677,435566.9897304964,11678.0,0
1678,435566.9897304964,11679.0,0
1679,435566.9897304964,11680.0,0
1680,435566.9897304964,11681.0,0
1681,435566.9897304964,11682.0,0
1682,435566.9897304964,11683.0,0
1683,435566.9897304964,11684.0,0
1684,435566.9897304964,11685.0,0
1685,435566.9897304964,11686.0,0
1686,435566.9897304964,11687.0,0
1687,435566.9897304964,11688.0,0
1688,435566.9897304964,11689.0,0
1689,435566.9897304964,11690.0,0
1690,435566.9897304964,11691.0,0
1691,435566.9897304964,11692.0,0
1692,435566.9897304964,11693.0,0
1693,435566.9897304964,11694.0,0
1694,435566.9897304964,11695.0,0
1695,435566.9897304964,11696.0,0
1696,435566.9897304964,11697.0,0
1697,435566.9897304964,11698.0,0
1698,435566.9897304964,11699.0,0
1699,435566.9897304964,11700.0,0
1700,435566.9897304964,11701.0,0
1701,435566.9897304964,11702.0,0
1702,435566.9897304964,11703.0,0
1703,435566.9897304964,11704.0,0
1704,435566.9897304964,11705.0,0
1705,435566.9897304964,11706.0,0
1706,435566.9897304964,11707.0,0
1707,435566.9897304964,11708.0,0
1708,435566.9897304964,11709.0,0
1709,435566.9897304964,11710.0,0
1710,435566.9897304964,11711.0,0
1711,435566.9897304964,11712.0,0
1712,435566.9897304964,11713.0,0
1713,435566.9897304964,11714.0,0
1714,435566.9897304964,11715.0,0
1715,435566.9897304964,11716.0,0
1716,435566.9897304964,11717.0,0
1717,435566.9897304964,11718.0,0
1718,435566.9897304964,11719.0,0
1719,435566.9897304964,11720.0,0
1720,435566.9897304964,11721.0,0
1721,435566.9897304964,11722.0,0
1722,435566.9897304964,11723.0,0
1723,435566.9897304964,11724.0,0
1724,435566.9897304964,11725.0,0
1725,435566.9897304964,11726.0,0
1726,435566.9897304964,11727.0,0
1727,435566.9897304964,11728.0,0
1728,435566.9897304964,11729.0,0
1729,435566.9897304964,11730.0,0
1730,435566.9897304964,11731.0,0
1731,435566.9897304964,11732.0,0
1732,435566.9897304964,11733.0,0
1733,435566.9897304964,11734.0,0
1734,435566.9897304964,11735.0,0
1735,435566.9897304964,11736.0,0
1736,435566.9897304964,11737.0,0
1737,435566.9897304964,11738.0,0
1738,435566.9897304964,11739.0,0
1739,435566.9897304964,11740.0,0
1740,435566.9897304964,11741.0,0
1741,435566.9897304964,11742.0,0
1742,435566.9897304964,11743.0,0
1743,435566.9897304964,11744.0,0
1744,435566.9897304964,11745.0,0
1745,435566.9897304964,11746.0,0
1746,435566.9897304964,11747.0,0
1747,435566.9897304964,11748.0,0
1748,435566.9897304964,11749.0,0
1749,435566.9897304964,11750.0,0
1750,435566.9897304964,11751.0,0
1751,435566.9897304964,11752.0,0
1752,435566.9897304964,11753.0,0
1753,435566.9897304964,11754.0,0
1754,435566.9897304964,11755.0,0
1755,435566.9897304964,11756.0,0
1756,435566.9897304964,11757.0,0
1757,435566.9897304964,11758.0,0
1758,435566.9897304964,11759.0,0
1759,435566.9897304964,11760.0,0
1760,435566.9897304964,11761.0,0
1761,435566.9897304964,11762.0,0
1762,435566.9897304964,11763.0,0
1763,435566.9897304964,11764.0,0
1764,435566.9897304964,11765.0,0
1765,435566.9897304964,11766.0,0
1766,435566.9897304964,11767.0,0
1767,435566.9897304964,11768.0,0
1768,435566.9897304964,11769.0,0
1769,435566.9897304964,11770.0,0
1770,435566.9897304964,11771.0,0
1771,435566.9897304964,11772.0,0
1772,435566.9897304964,11773.0,0
1773,435566.9897304964,11774.0,0
1774,435566.9897304964,11775.0,0
1775,435566.9897304964,11776.0,0
1776,435566.9897304964,11777.0,0
1777,435566.9897304964,11778.0,0
1778,435566.9897304964,11779.0,0
1779,435566.9897304964,11780.0,0
1780,435566.9897304964,11781.0,0
1781,435566.9897304964,11782.0,0
1782,435566.9897304964,11783.0,0
1783,435566.9897304964,11784.0,0
1784,435566.9897304964,11785.0,0
1785,435566.9897304964,11786.0,0
1786,435566.9897304964,11787.0,0
1787,435566.9897304964,11788.0,0
1788,435566.9897304964,11789.0,0
1789,435566.9897304964,11790.0,0
1790,435566.9897304964,11791.0,0
1791,435566.9897304964,11792.0,0
1792,435566.9897304964,11793.0,0
1793,435566.9897304964,11794.0,0
1794,435566.9897304964,11795.0,0
1795,435566.9897304964,11796.0,0
1796,435566.9897304964,11797.0,0
1797,435566.9897304964,11798.0,0
1798,435566.9897304964,11799.0,0
1799,435566.9897304964,11800.0,0
1800,435566.9897304964,11801.0,0
1801,435566.9897304964,11802.0,0
1802,435566.9897304964,11803.0,0
1803,435566.9897304964,11804.0,0
1804,435566.9897304964,11805.0,0
1805,435566.9897304964,11806.0,0
1806,435566.9897304964,11807.0,0
1807,435566.9897304964,11808.0,0
1808,435566.9897304964,11809.0,0
1809,435566.9897304964,11810.0,0
1810,435566.9897304964,11811.0,0
1811,435566.9897304964,11812.0,0
1812,435566.9897304964,11813.0,0
1813,435566.9897304964,11814.0,0
1814,435566.9897304964,11815.0,0
1815,435566.9897304964,11816.0,0
1816,435566.9897304964,11817.0,0
1817,435566.9897304964,11818.0,0
1818,435566.9897304964,11819.0,0
1819,435566.9897304964,11820.0,0
1820,435566.9897304964,11821.0,0
1821,435566.9897304964,11822.0,0
1822,435566.9897304964,11823.0,0
1823,435566.9897304964,11824.0,0
1824,435566.9897304964,11825.0,0
1825,435566.9897304964,11826.0,0
1826,435566.9897304964,11827.0,0
1827,435566.9897304964,11828.0,0
1828,435566.9897304964,11829.0,0
1829,435566.9897304964,11830.0,0
1830,435566.9897304964,11831.0,0
1831,435566.9897304964,11832.0,0
1832,435566.9897304964,11833.0,0
1833,435566.9897304964,11834.0,0
1834,435566.9897304964,11835.0,0
1835,435566.9897304964,11836.0,0
1836,435566.9897304964,11837.0,0
1837,435566.9897304964,11838.0,0
1838,435566.9897304964,11839.0,0
1839,435566.9897304964,11840.0,0
1840,435566.9897304964,11841.0,0
1841,435566.9897304964,11842.0,0
1842,435566.9897304964,11843.0,0
1843,435566.9897304964,11844.0,0
1844,435566.9897304964,11845.0,0
1845,435566.9897304964,11846.0,0
1846,435566.9897304964,11847.0,0
1847,435566.9897304964,11848.0,0
1848,435566.9897304964,11849.0,0
1849,435566.9897304964,11850.0,0
1850,435566.9897304964,11851.0,0
1851,435566.9897304964,11852.0,0
1852,435566.9897304964,11853.0,0
1853,435566.9897304964,11854.0,0
1854,435566.9897304964,11855.0,0
1855,435566.9897304964,11856.0,0
1856,435566.9897304964,11857.0,0
1857,435566.9897304964,11858.0,0
1858,435566.9897304964,11859.0,0
1859,435566.9897304964,11860.0,0
1860,435566.9897304964,11861.0,0
1861,435566.9897304964,11862.0,0
1862,435566.9897304964,11863.0,0
1863,435566.9897304964,11864.0,0
1864,435566.9897304964,11865.0,0
1865,435566.9897304964,11866.0,0
1866,435566.9897304964,11867.0,0
1867,435566.9897304964,11868.0,0
1868,435566.9897304964,11869.0,0
1869,435566.9897304964,11870.0,0
1870,435566.9897304964,11871.0,0
1871,435566.9897304964,11872.0,0
1872,435566.9897304964,11873.0,0
1873,435566.9897304964,11874.0,0
1874,435566.9897304964,11875.0,0
1875,435566.9897304964,11876.0,0
1876,435566.9897304964,11877.0,0
1877,435566.9897304964,11878.0,0
1878,435566.9897304964,11879.0,0
1879,435566.9897304964,11880.0,0
1880,435566.9897304964,11881.0,0
1881,435566.9897304964,11882.0,0
1882,435566.9897304964,11883.0,0
1883,435566.9897304964,11884.0,0
1884,435566.9897304964,11885.0,0
1885,435566.9897304964,11886.0,0
1886,435566.9897304964,11887.0,0
1887,435566.9897304964,11888.0,0
1888,435566.9897304964,11889.0,0
1889,435566.9897304964,11890.0,0
1890,435566.9897304964,11891.0,0
1891,435566.9897304964,11892.0,0
1892,435566.9897304964,11893.0,0
1893,435566.9897304964,11894.0,0
1894,435566.9897304964,11895.0,0
1895,435566.9897304964,11896.0,0
1896,435566.9897304964,11897.0,0
1897,435566.9897304964,11898.0,0
1898,435566.9897304964,11899.0,0
1899,435566.9897304964,11900.0,0
1900,435566.9897304964,11901.0,0
1901,435566.9897304964,11902.0,0
1902,435566.9897304964,11903.0,0
1903,435566.9897304964,11904.0,0
1904,435566.9897304964,11905.0,0
1905,435566.9897304964,11906.0,0
1906,435566.9897304964,11907.0,0
1907,435566.9897304964,11908.0,0
1908,435566.9897304964,11909.0,0
1909,435566.9897304964,11910.0,0
1910,435566.9897304964,11911.0,0
1911,435566.9897304964,11912.0,0
1912,435566.9897304964,11913.0,0
1913,435566.9897304964,11914.0,0
1914,435566.9897304964,11915.0,0
1915,435566.9897304964,11916.0,0
1916,435566.9897304964,11917.0,0
1917,435566.9897304964,11918.0,0
1918,435566.9897304964,11919.0,0
1919,435566.9897304964,11920.0,0
1920,435566.9897304964,11921.0,0
1921,435566.9897304964,11922.0,0
1922,435566.9897304964,11923.0,0
1923,435566.9897304964,11924.0,0
1924,435566.9897304964,11925.0,0
1925,435566.9897304964,11926.0,0
1926,435566.9897304964,11927.0,0
1927,435566.9897304964,11928.0,0
1928,435566.9897304964,11929.0,0
1929,435566.9897304964,11930.0,0
1930,435566.9897304964,11931.0,0
1931,435566.9897304964,11932.0,0
1932,435566.9897304964,11933.0,0
1933,435566.9897304964,11934.0,0
1934,435566.9897304964,11935.0,0
1935,435566.9897304964,11936.0,0
1936,435566.9897304964,11937.0,0
1937,435566.9897304964,11938.0,0
1938,435566.9897304964,11939.0,0
1939,435566.9897304964,11940.0,0
1940,435566.9897304964,11941.0,0
1941,435566.9897304964,11942.0,0
1942,435566.9897304964,11943.0,0
1943,435566.9897304964,11944.0,0
1944,435566.9897304964,11945.0,0
1945,435566.9897304964,11946.0,0
1946,435566.9897304964,11947.0,0
1947,435566.9897304964,11948.0,0
1948,435566.9897304964,11949.0,0
1949,435566.9897304964,11950.0,0
1950,435566.9897304964,11951.0,0
1951,435566.9897304964,11952.0,0
1952,435566.9897304964,11953.0,0
1953,435566.9897304964,11954.0,0
1954,435566.9897304964,11955.0,0
1955,435566.9897304964,11956.0,0
1956,435566.9897304964,11957.0,0
1957,435566.9897304964,11958.0,0
1958,435566.9897304964,11959.0,0
1959,435566.9897304964,11960.0,0
1960,435566.9897304964,11961.0,0
1961,435566.9897304964,11962.0,0
1962,435566.9897304964,11963.0,0
1963,435566.9897304964,11964.0,0
1964,435566.9897304964,11965.0,0
1965,435566.9897304964,11966.0,0
1966,435566.9897304964,11967.0,0
1967,435566.9897304964,11968.0,0
1968,435566.9897304964,11969.0,0
1969,435566.9897304964,11970.0,0
1970,435566.9897304964,11971.0,0
1971,435566.9897304964,11972.0,0
1972,435566.9897304964,11973.0,0
1973,435566.9897304964,11974.0,0
1974,435566.9897304964,11975.0,0
1975,435566.9897304964,11976.0,0
1976,435566.9897304964,11977.0,0
1977,435566.9897304964,11978.0,0
1978,435566.9897304964,11979.0,0
1979,435566.9897304964,11980.0,0
1980,435566.9897304964,11981.0,0
1981,435566.9897304964,11982.0,0
1982,435566.9897304964,11983.0,0
1983,435566.9897304964,11984.0,0
1984,435566.9897304964,11985.0,0
1985,435566.9897304964,11986.0,0
1986,435566.9897304964,11987.0,0
1987,435566.9897304964,11988.0,0
1988,435566.9897304964,11989.0,0
1989,435566.9897304964,11990.0,0
1990,435566.9897304964,11991.0,0
1991,435566.9897304964,11992.0,0
1992,435566.9897304964,11993.0,0
1993,435566.9897304964,11994.0,0
1994,435566.9897304964,11995.0,0
1995,435566.9897304964,11996.0,0
1996,435566.9897304964,11997.0,0
1997,435566.9897304964,11998.0,0
1998,435566.9897304964,11999.0,0
1999,435566.9897304964,12000.0,0
2000,435566.9897304964,12001.0,0
2001,435566.9897304964,12002.0,0
2002,435566.9897304964,12003.0,0
2003,435566.9897304964,12004.0,0
2004,435566.9897304964,12005.0,0
2005,435566.9897304964,12006.0,0
2006,435566.9897304964,12007.0,0
2007,435566.9897304964,12008.0,0
2008,435566.9897304964,12009.0,0
2009,435566.9897304964,12010.0,0
2010,435566.9897304964,12011.0,0
2011,435566.9897304964,12012.0,0
2012,435566.9897304964,12013.0,0
2013,435566.9897304964,12014.0,0
2014,435566.9897304964,12015.0,0
2015,435566.9897304964,12016.0,0
2016,435566.9897304964,12017.0,0
2017,435566.9897304964,12018.0,0
2018,435566.9897304964,12019.0,0
2019,435566.9897304964,12020.0,0
2020,435566.9897304964,12021.0,0
2021,435566.9897304964,12022.0,0
2022,435566.9897304964,12023.0,0
2023,435566.9897304964,12024.0,0
2024,435566.9897304964,12025.0,0
2025,435566.9897304964,12026.0,0
2026,435566.9897304964,12027.0,0
2027,435566.9897304964,12028.0,0
2028,435566.9897304964,12029.0,0
2029,435566.9897304964,12030.0,0
2030,435566.9897304964,12031.0,0
2031,435566.9897304964,12032.0,0
2032,435566.9897304964,12033.0,0
2033,435566.9897304964,12034.0,0
2034,435566.9897304964,12035.0,0
2035,435566.9897304964,12036.0,0
2036,435566.9897304964,12037.0,0
2037,435566.9897304964,12038.0,0
2038,435566.9897304964,12039.0,0
2039,435566.9897304964,12040.0,0
2040,435566.9897304964,12041.0,0
2041,435566.9897304964,12042.0,0
2042,435566.9897304964,12043.0,0
2043,435566.9897304964,12044.0,0
2044,435566.9897304964,12045.0,0
2045,435566.9897304964,12046.0,0
2046,435566.9897304964,12047.0,0
2047,435566.9897304964,12048.0,0
2048,435566.9897304964,12049.0,0
2049,435566.9897304964,12050.0,0
2050,435566.9897304964,12051.0,0
2051,435566.9897304964,12052.0,0
2052,435566.9897304964,12053.0,0
2053,435566.9897304964,12054.0,0
2054,435566.9897304964,12055.0,0
2055,435566.9897304964,12056.0,0
2056,435566.9897304964,12057.0,0
2057,435566.9897304964,12058.0,0
2058,435566.9897304964,12059.0,0
2059,435566.9897304964,12060.0,0
2060,435566.9897304964,12061.0,0
2061,435566.9897304964,12062.0,0
2062,435566.9897304964,12063.0,0
2063,435566.9897304964,12064.0,0
2064,435566.9897304964,12065.0,0
2065,435566.9897304964,12066.0,0
2066,435566.9897304964,12067.0,0
2067,435566.9897304964,12068.0,0
2068,435566.9897304964,12069.0,0
2069,435566.9897304964,12070.0,0
2070,435566.9897304964,12071.0,0
2071,435566.9897304964,12072.0,0
2072,435566.9897304964,12073.0,0
2073,435566.9897304964,12074.0,0
2074,435566.9897304964,12075.0,0
2075,435566.9897304964,12076.0,0
2076,435566.9897304964,12077.0,0
2077,435566.9897304964,12078.0,0
2078,435566.9897304964,12079.0,0
2079,435566.9897304964,12080.0,0
2080,435566.9897304964,12081.0,0
2081,435566.9897304964,12082.0,0
2082,435566.9897304964,12083.0,0
2083,435566.9897304964,12084.0,0
2084,435566.9897304964,12085.0,0
2085,435566.9897304964,12086.0,0
2086,435566.9897304964,12087.0,0
2087,435566.9897304964,12088.0,0
2088,435566.9897304964,12089.0,0
2089,435566.9897304964,12090.0,0
2090,435566.9897304964,12091.0,0
2091,435566.9897304964,12092.0,0
2092,435566.9897304964,12093.0,0
2093,435566.9897304964,12094.0,0
2094,435566.9897304964,12095.0,0
2095,435566.9897304964,12096.0,0
2096,435566.9897304964,12097.0,0
2097,435566.9897304964,12098.0,0
2098,435566.9897304964,12099.0,0
2099,435566.9897304964,12100.0,0
2100,435566.9897304964,12101.0,0
2101,435566.9897304964,12102.0,0
2102,435566.9897304964,12103.0,0
2103,435566.9897304964,12104.0,0
2104,435566.9897304964,12105.0,0
2105,435566.9897304964,12106.0,0
2106,435566.9897304964,12107.0,0
2107,435566.9897304964,12108.0,0
2108,435566.9897304964,12109.0,0
2109,435566.9897304964,12110.0,0
2110,435566.9897304964,12111.0,0
2111,435566.9897304964,12112.0,0
2112,435566.9897304964,12113.0,0
2113,435566.9897304964,12114.0,0
2114,435566.9897304964,12115.0,0
2115,435566.9897304964,12116.0,0
2116,435566.9897304964,12117.0,0
2117,435566.9897304964,12118.0,0
2118,435566.9897304964,12119.0,0
2119,435566.9897304964,12120.0,0
2120,435566.9897304964,12121.0,0
2121,435566.9897304964,12122.0,0
2122,435566.9897304964,12123.0,0
2123,435566.9897304964,12124.0,0
2124,435566.9897304964,12125.0,0
2125,435566.9897304964,12126.0,0
2126,435566.9897304964,12127.0,0
2127,435566.9897304964,12128.0,0
2128,435566.9897304964,12129.0,0
2129,435566.9897304964,12130.0,0
2130,435566.9897304964,12131.0,0
2131,435566.9897304964,12132.0,0
2132,435566.9897304964,12133.0,0
2133,435566.9897304964,12134.0,0
2134,435566.9897304964,12135.0,0
2135,435566.9897304964,12136.0,0
2136,435566.9897304964,12137.0,0
2137,435566.9897304964,12138.0,0
2138,435566.9897304964,12139.0,0
2139,435566.9897304964,12140.0,0
2140,435566.9897304964,12141.0,0
2141,435566.9897304964,12142.0,0
2142,435566.9897304964,12143.0,0
2143,435566.9897304964,12144.0,0
2144,435566.9897304964,12145.0,0
2145,435566.9897304964,12146.0,0
2146,435566.9897304964,12147.0,0
2147,435566.9897304964,12148.0,0
2148,435566.9897304964,12149.0,0
2149,435566.9897304964,12150.0,0
2150,435566.9897304964,12151.0,0
2151,435566.9897304964,12152.0,0
2152,435566.9897304964,12153.0,0
2153,435566.9897304964,12154.0,0
2154,435566.9897304964,12155.0,0
2155,435566.9897304964,12156.0,0
2156,435566.9897304964,12157.0,0
2157,435566.9897304964,12158.0,0
2158,435566.9897304964,12159.0,0
2159,435566.9897304964,12160.0,0
2160,435566.9897304964,12161.0,0
2161,435566.9897304964,12162.0,0
2162,435566.9897304964,12163.0,0
2163,435566.9897304964,12164.0,0
2164,435566.9897304964,12165.0,0
2165,435566.9897304964,12166.0,0
2166,435566.9897304964,12167.0,0
2167,435566.9897304964,12168.0,0
2168,435566.9897304964,12169.0,0
2169,435566.9897304964,12170.0,0
2170,435566.9897304964,12171.0,0
2171,435566.9897304964,12172.0,0
2172,435566.9897304964,12173.0,0
2173,435566.9897304964,12174.0,0
2174,435566.9897304964,12175.0,0
2175,435566.9897304964,12176.0,0
2176,435566.9897304964,12177.0,0
2177,435566.9897304964,12178.0,0
2178,435566.9897304964,12179.0,0
2179,435566.9897304964,12180.0,0
2180,435566.9897304964,12181.0,0
2181,435566.9897304964,12182.0,0
2182,435566.9897304964,12183.0,0
2183,435566.9897304964,12184.0,0
2184,435566.9897304964,12185.0,0
2185,435566.9897304964,12186.0,0
2186,435566.9897304964,12187.0,0
2187,435566.9897304964,12188.0,0
2188,435566.9897304964,12189.0,0
2189,435566.9897304964,12190.0,0
2190,435566.9897304964,12191.0,0
2191,435566.9897304964,12192.0,0
2192,435566.9897304964,12193.0,0
2193,435566.9897304964,12194.0,0
2194,435566.9897304964,12195.0,0
2195,435566.9897304964,12196.0,0
2196,435566.9897304964,12197.0,0
2197,435566.9897304964,12198.0,0
2198,435566.9897304964,12199.0,0
2199,435566.9897304964,12200.0,0
2200,435566.9897304964,12201.0,0
2201,435566.9897304964,12202.0,0
2202,435566.9897304964,12203.0,0
2203,435566.9897304964,12204.0,0
2204,435566.9897304964,12205.0,0
2205,435566.9897304964,12206.0,0
2206,435566.9897304964,12207.0,0
2207,435566.9897304964,12208.0,0
2208,435566.9897304964,12209.0,0
2209,435566.9897304964,12210.0,0
2210,435566.9897304964,12211.0,0
2211,435566.9897304964,12212.0,0
2212,435566.9897304964,12213.0,0
2213,435566.9897304964,12214.0,0
2214,435566.9897304964,12215.0,0
2215,435566.9897304964,12216.0,0
2216,435566.9897304964,12217.0,0
2217,435566.9897304964,12218.0,0
2218,435566.9897304964,12219.0,0
2219,435566.9897304964,12220.0,0
2220,435566.9897304964,12221.0,0
2221,435566.9897304964,12222.0,0
2222,435566.9897304964,12223.0,0
2223,435566.9897304964,12224.0,0
2224,435566.9897304964,12225.0,0
2225,435566.9897304964,12226.0,0
2226,435566.9897304964,12227.0,0
2227,435566.9897304964,12228.0,0
2228,435566.9897304964,12229.0,0
2229,435566.9897304964,12230.0,0
2230,435566.9897304964,12231.0,0
2231,435566.9897304964,12232.0,0
2232,435566.9897304964,12233.0,0
2233,435566.9897304964,12234.0,0
2234,435566.9897304964,12235.0,0
2235,435566.9897304964,12236.0,0
2236,435566.9897304964,12237.0,0
2237,435566.9897304964,12238.0,0
2238,435566.9897304964,12239.0,0
2239,435566.9897304964,12240.0,0
2240,435566.9897304964,12241.0,0
2241,435566.9897304964,12242.0,0
2242,435566.9897304964,12243.0,0
2243,435566.9897304964,12244.0,0
2244,435566.9897304964,12245.0,0
2245,435566.9897304964,12246.0,0
2246,435566.9897304964,12247.0,0
2247,435566.9897304964,12248.0,0
2248,435566.9897304964,12249.0,0
2249,435566.9897304964,12250.0,0
2250,435566.9897304964,12251.0,0
2251,435566.9897304964,12252.0,0
2252,435566.9897304964,12253.0,0
2253,435566.9897304964,12254.0,0
2254,435566.9897304964,12255.0,0
2255,435566.9897304964,12256.0,0
2256,435566.9897304964,12257.0,0
2257,435566.9897304964,12258.0,0
2258,435566.9897304964,12259.0,0
2259,435566.9897304964,12260.0,0
2260,435566.9897304964,12261.0,0
2261,435566.9897304964,12262.0,0
2262,435566.9897304964,12263.0,0
2263,435566.9897304964,12264.0,0
2264,435566.9897304964,12265.0,0
2265,435566.9897304964,12266.0,0
2266,435566.9897304964,12267.0,0
2267,435566.9897304964,12268.0,0
2268,435566.9897304964,12269.0,0
2269,435566.9897304964,12270.0,0
2270,435566.9897304964,12271.0,0
2271,435566.9897304964,12272.0,0
2272,435566.9897304964,12273.0,0
2273,435566.9897304964,12274.0,0
2274,435566.9897304964,12275.0,0
2275,435566.9897304964,12276.0,0
2276,435566.9897304964,12277.0,0
2277,435566.9897304964,12278.0,0
2278,435566.9897304964,12279.0,0
2279,435566.9897304964,12280.0,0
2280,435566.9897304964,12281.0,0
2281,435566.9897304964,12282.0,0
2282,435566.9897304964,12283.0,0
2283,435566.9897304964,12284.0,0
2284,435566.9897304964,12285.0,0
2285,435566.9897304964,12286.0,0
2286,435566.9897304964,12287.0,0
2287,435566.9897304964,12288.0,0
2288,435566.9897304964,12289.0,0
2289,435566.9897304964,12290.0,0
2290,435566.9897304964,12291.0,0
2291,435566.9897304964,12292.0,0
2292,435566.9897304964,12293.0,0
2293,435566.9897304964,12294.0,0
2294,435566.9897304964,12295.0,0
2295,435566.9897304964,12296.0,0
2296,435566.9897304964,12297.0,0
2297,435566.9897304964,12298.0,0
2298,435566.9897304964,12299.0,0
